<application>
  <component name="ProjectJdkTable">
    <jdk version="2">
      <name value="temurin-17" />
      <type value="JavaSDK" />
      <version value="java version &quot;17&quot;" />
      <homePath value="$USER_HOME$/.sdkman/candidates/java/17.0.0-tem" />
      <roots>
        <annotationsPath>
          <root type="composite">
            <root url="jar://$APPLICATION_HOME_DIR$/plugins/java/lib/resources/jdkAnnotations.jar!/" type="simple" />
          </root>
        </annotationsPath>
        <classPath>
          <root type="composite">
            <root url="jrt://$USER_HOME$/.sdkman/candidates/java/17.0.0-tem!/java.base" type="simple" />
            <root url="jrt://$USER_HOME$/.sdkman/candidates/java/17.0.0-tem!/java.compiler" type="simple" />
            <root url="jrt://$USER_HOME$/.sdkman/candidates/java/17.0.0-tem!/java.datatransfer" type="simple" />
            <root url="jrt://$USER_HOME$/.sdkman/candidates/java/17.0.0-tem!/java.desktop" type="simple" />
            <root url="jrt://$USER_HOME$/.sdkman/candidates/java/17.0.0-tem!/java.instrument" type="simple" />
            <root url="jrt://$USER_HOME$/.sdkman/candidates/java/17.0.0-tem!/java.logging" type="simple" />
            <root url="jrt://$USER_HOME$/.sdkman/candidates/java/17.0.0-tem!/java.management" type="simple" />
            <root url="jrt://$USER_HOME$/.sdkman/candidates/java/17.0.0-tem!/java.management.rmi" type="simple" />
            <root url="jrt://$USER_HOME$/.sdkman/candidates/java/17.0.0-tem!/java.naming" type="simple" />
            <root url="jrt://$USER_HOME$/.sdkman/candidates/java/17.0.0-tem!/java.net.http" type="simple" />
            <root url="jrt://$USER_HOME$/.sdkman/candidates/java/17.0.0-tem!/java.prefs" type="simple" />
            <root url="jrt://$USER_HOME$/.sdkman/candidates/java/17.0.0-tem!/java.rmi" type="simple" />
            <root url="jrt://$USER_HOME$/.sdkman/candidates/java/17.0.0-tem!/java.scripting" type="simple" />
            <root url="jrt://$USER_HOME$/.sdkman/candidates/java/17.0.0-tem!/java.se" type="simple" />
            <root url="jrt://$USER_HOME$/.sdkman/candidates/java/17.0.0-tem!/java.security.jgss" type="simple" />
            <root url="jrt://$USER_HOME$/.sdkman/candidates/java/17.0.0-tem!/java.security.sasl" type="simple" />
            <root url="jrt://$USER_HOME$/.sdkman/candidates/java/17.0.0-tem!/java.smartcardio" type="simple" />
            <root url="jrt://$USER_HOME$/.sdkman/candidates/java/17.0.0-tem!/java.sql" type="simple" />
            <root url="jrt://$USER_HOME$/.sdkman/candidates/java/17.0.0-tem!/java.sql.rowset" type="simple" />
            <root url="jrt://$USER_HOME$/.sdkman/candidates/java/17.0.0-tem!/java.transaction.xa" type="simple" />
            <root url="jrt://$USER_HOME$/.sdkman/candidates/java/17.0.0-tem!/java.xml" type="simple" />
            <root url="jrt://$USER_HOME$/.sdkman/candidates/java/17.0.0-tem!/java.xml.crypto" type="simple" />
            <root url="jrt://$USER_HOME$/.sdkman/candidates/java/17.0.0-tem!/jdk.accessibility" type="simple" />
            <root url="jrt://$USER_HOME$/.sdkman/candidates/java/17.0.0-tem!/jdk.attach" type="simple" />
            <root url="jrt://$USER_HOME$/.sdkman/candidates/java/17.0.0-tem!/jdk.charsets" type="simple" />
            <root url="jrt://$USER_HOME$/.sdkman/candidates/java/17.0.0-tem!/jdk.compiler" type="simple" />
            <root url="jrt://$USER_HOME$/.sdkman/candidates/java/17.0.0-tem!/jdk.crypto.cryptoki" type="simple" />
            <root url="jrt://$USER_HOME$/.sdkman/candidates/java/17.0.0-tem!/jdk.crypto.ec" type="simple" />
            <root url="jrt://$USER_HOME$/.sdkman/candidates/java/17.0.0-tem!/jdk.dynalink" type="simple" />
            <root url="jrt://$USER_HOME$/.sdkman/candidates/java/17.0.0-tem!/jdk.editpad" type="simple" />
            <root url="jrt://$USER_HOME$/.sdkman/candidates/java/17.0.0-tem!/jdk.hotspot.agent" type="simple" />
            <root url="jrt://$USER_HOME$/.sdkman/candidates/java/17.0.0-tem!/jdk.httpserver" type="simple" />
            <root url="jrt://$USER_HOME$/.sdkman/candidates/java/17.0.0-tem!/jdk.incubator.foreign" type="simple" />
            <root url="jrt://$USER_HOME$/.sdkman/candidates/java/17.0.0-tem!/jdk.incubator.vector" type="simple" />
            <root url="jrt://$USER_HOME$/.sdkman/candidates/java/17.0.0-tem!/jdk.internal.ed" type="simple" />
            <root url="jrt://$USER_HOME$/.sdkman/candidates/java/17.0.0-tem!/jdk.internal.jvmstat" type="simple" />
            <root url="jrt://$USER_HOME$/.sdkman/candidates/java/17.0.0-tem!/jdk.internal.le" type="simple" />
            <root url="jrt://$USER_HOME$/.sdkman/candidates/java/17.0.0-tem!/jdk.internal.opt" type="simple" />
            <root url="jrt://$USER_HOME$/.sdkman/candidates/java/17.0.0-tem!/jdk.internal.vm.ci" type="simple" />
            <root url="jrt://$USER_HOME$/.sdkman/candidates/java/17.0.0-tem!/jdk.internal.vm.compiler" type="simple" />
            <root url="jrt://$USER_HOME$/.sdkman/candidates/java/17.0.0-tem!/jdk.internal.vm.compiler.management" type="simple" />
            <root url="jrt://$USER_HOME$/.sdkman/candidates/java/17.0.0-tem!/jdk.jartool" type="simple" />
            <root url="jrt://$USER_HOME$/.sdkman/candidates/java/17.0.0-tem!/jdk.javadoc" type="simple" />
            <root url="jrt://$USER_HOME$/.sdkman/candidates/java/17.0.0-tem!/jdk.jcmd" type="simple" />
            <root url="jrt://$USER_HOME$/.sdkman/candidates/java/17.0.0-tem!/jdk.jconsole" type="simple" />
            <root url="jrt://$USER_HOME$/.sdkman/candidates/java/17.0.0-tem!/jdk.jdeps" type="simple" />
            <root url="jrt://$USER_HOME$/.sdkman/candidates/java/17.0.0-tem!/jdk.jdi" type="simple" />
            <root url="jrt://$USER_HOME$/.sdkman/candidates/java/17.0.0-tem!/jdk.jdwp.agent" type="simple" />
            <root url="jrt://$USER_HOME$/.sdkman/candidates/java/17.0.0-tem!/jdk.jfr" type="simple" />
            <root url="jrt://$USER_HOME$/.sdkman/candidates/java/17.0.0-tem!/jdk.jlink" type="simple" />
            <root url="jrt://$USER_HOME$/.sdkman/candidates/java/17.0.0-tem!/jdk.jpackage" type="simple" />
            <root url="jrt://$USER_HOME$/.sdkman/candidates/java/17.0.0-tem!/jdk.jshell" type="simple" />
            <root url="jrt://$USER_HOME$/.sdkman/candidates/java/17.0.0-tem!/jdk.jsobject" type="simple" />
            <root url="jrt://$USER_HOME$/.sdkman/candidates/java/17.0.0-tem!/jdk.jstatd" type="simple" />
            <root url="jrt://$USER_HOME$/.sdkman/candidates/java/17.0.0-tem!/jdk.localedata" type="simple" />
            <root url="jrt://$USER_HOME$/.sdkman/candidates/java/17.0.0-tem!/jdk.management" type="simple" />
            <root url="jrt://$USER_HOME$/.sdkman/candidates/java/17.0.0-tem!/jdk.management.agent" type="simple" />
            <root url="jrt://$USER_HOME$/.sdkman/candidates/java/17.0.0-tem!/jdk.management.jfr" type="simple" />
            <root url="jrt://$USER_HOME$/.sdkman/candidates/java/17.0.0-tem!/jdk.naming.dns" type="simple" />
            <root url="jrt://$USER_HOME$/.sdkman/candidates/java/17.0.0-tem!/jdk.naming.rmi" type="simple" />
            <root url="jrt://$USER_HOME$/.sdkman/candidates/java/17.0.0-tem!/jdk.net" type="simple" />
            <root url="jrt://$USER_HOME$/.sdkman/candidates/java/17.0.0-tem!/jdk.nio.mapmode" type="simple" />
            <root url="jrt://$USER_HOME$/.sdkman/candidates/java/17.0.0-tem!/jdk.random" type="simple" />
            <root url="jrt://$USER_HOME$/.sdkman/candidates/java/17.0.0-tem!/jdk.sctp" type="simple" />
            <root url="jrt://$USER_HOME$/.sdkman/candidates/java/17.0.0-tem!/jdk.security.auth" type="simple" />
            <root url="jrt://$USER_HOME$/.sdkman/candidates/java/17.0.0-tem!/jdk.security.jgss" type="simple" />
            <root url="jrt://$USER_HOME$/.sdkman/candidates/java/17.0.0-tem!/jdk.unsupported" type="simple" />
            <root url="jrt://$USER_HOME$/.sdkman/candidates/java/17.0.0-tem!/jdk.unsupported.desktop" type="simple" />
            <root url="jrt://$USER_HOME$/.sdkman/candidates/java/17.0.0-tem!/jdk.xml.dom" type="simple" />
            <root url="jrt://$USER_HOME$/.sdkman/candidates/java/17.0.0-tem!/jdk.zipfs" type="simple" />
          </root>
        </classPath>
        <javadocPath>
          <root type="composite" />
        </javadocPath>
        <sourcePath>
          <root type="composite">
            <root url="jar://$USER_HOME$/.sdkman/candidates/java/17.0.0-tem/lib/src.zip!/java.se" type="simple" />
            <root url="jar://$USER_HOME$/.sdkman/candidates/java/17.0.0-tem/lib/src.zip!/jdk.jdi" type="simple" />
            <root url="jar://$USER_HOME$/.sdkman/candidates/java/17.0.0-tem/lib/src.zip!/jdk.jfr" type="simple" />
            <root url="jar://$USER_HOME$/.sdkman/candidates/java/17.0.0-tem/lib/src.zip!/jdk.net" type="simple" />
            <root url="jar://$USER_HOME$/.sdkman/candidates/java/17.0.0-tem/lib/src.zip!/java.rmi" type="simple" />
            <root url="jar://$USER_HOME$/.sdkman/candidates/java/17.0.0-tem/lib/src.zip!/java.sql" type="simple" />
            <root url="jar://$USER_HOME$/.sdkman/candidates/java/17.0.0-tem/lib/src.zip!/java.xml" type="simple" />
            <root url="jar://$USER_HOME$/.sdkman/candidates/java/17.0.0-tem/lib/src.zip!/jdk.jcmd" type="simple" />
            <root url="jar://$USER_HOME$/.sdkman/candidates/java/17.0.0-tem/lib/src.zip!/jdk.sctp" type="simple" />
            <root url="jar://$USER_HOME$/.sdkman/candidates/java/17.0.0-tem/lib/src.zip!/java.base" type="simple" />
            <root url="jar://$USER_HOME$/.sdkman/candidates/java/17.0.0-tem/lib/src.zip!/jdk.jdeps" type="simple" />
            <root url="jar://$USER_HOME$/.sdkman/candidates/java/17.0.0-tem/lib/src.zip!/jdk.jlink" type="simple" />
            <root url="jar://$USER_HOME$/.sdkman/candidates/java/17.0.0-tem/lib/src.zip!/jdk.zipfs" type="simple" />
            <root url="jar://$USER_HOME$/.sdkman/candidates/java/17.0.0-tem/lib/src.zip!/java.prefs" type="simple" />
            <root url="jar://$USER_HOME$/.sdkman/candidates/java/17.0.0-tem/lib/src.zip!/jdk.attach" type="simple" />
            <root url="jar://$USER_HOME$/.sdkman/candidates/java/17.0.0-tem/lib/src.zip!/jdk.jshell" type="simple" />
            <root url="jar://$USER_HOME$/.sdkman/candidates/java/17.0.0-tem/lib/src.zip!/jdk.jstatd" type="simple" />
            <root url="jar://$USER_HOME$/.sdkman/candidates/java/17.0.0-tem/lib/src.zip!/jdk.random" type="simple" />
            <root url="jar://$USER_HOME$/.sdkman/candidates/java/17.0.0-tem/lib/src.zip!/java.naming" type="simple" />
            <root url="jar://$USER_HOME$/.sdkman/candidates/java/17.0.0-tem/lib/src.zip!/jdk.editpad" type="simple" />
            <root url="jar://$USER_HOME$/.sdkman/candidates/java/17.0.0-tem/lib/src.zip!/jdk.jartool" type="simple" />
            <root url="jar://$USER_HOME$/.sdkman/candidates/java/17.0.0-tem/lib/src.zip!/jdk.javadoc" type="simple" />
            <root url="jar://$USER_HOME$/.sdkman/candidates/java/17.0.0-tem/lib/src.zip!/jdk.xml.dom" type="simple" />
            <root url="jar://$USER_HOME$/.sdkman/candidates/java/17.0.0-tem/lib/src.zip!/java.desktop" type="simple" />
            <root url="jar://$USER_HOME$/.sdkman/candidates/java/17.0.0-tem/lib/src.zip!/java.logging" type="simple" />
            <root url="jar://$USER_HOME$/.sdkman/candidates/java/17.0.0-tem/lib/src.zip!/jdk.charsets" type="simple" />
            <root url="jar://$USER_HOME$/.sdkman/candidates/java/17.0.0-tem/lib/src.zip!/jdk.compiler" type="simple" />
            <root url="jar://$USER_HOME$/.sdkman/candidates/java/17.0.0-tem/lib/src.zip!/jdk.dynalink" type="simple" />
            <root url="jar://$USER_HOME$/.sdkman/candidates/java/17.0.0-tem/lib/src.zip!/jdk.jconsole" type="simple" />
            <root url="jar://$USER_HOME$/.sdkman/candidates/java/17.0.0-tem/lib/src.zip!/jdk.jpackage" type="simple" />
            <root url="jar://$USER_HOME$/.sdkman/candidates/java/17.0.0-tem/lib/src.zip!/jdk.jsobject" type="simple" />
            <root url="jar://$USER_HOME$/.sdkman/candidates/java/17.0.0-tem/lib/src.zip!/java.compiler" type="simple" />
            <root url="jar://$USER_HOME$/.sdkman/candidates/java/17.0.0-tem/lib/src.zip!/java.net.http" type="simple" />
            <root url="jar://$USER_HOME$/.sdkman/candidates/java/17.0.0-tem/lib/src.zip!/jdk.crypto.ec" type="simple" />
            <root url="jar://$USER_HOME$/.sdkman/candidates/java/17.0.0-tem/lib/src.zip!/java.scripting" type="simple" />
            <root url="jar://$USER_HOME$/.sdkman/candidates/java/17.0.0-tem/lib/src.zip!/jdk.httpserver" type="simple" />
            <root url="jar://$USER_HOME$/.sdkman/candidates/java/17.0.0-tem/lib/src.zip!/jdk.jdwp.agent" type="simple" />
            <root url="jar://$USER_HOME$/.sdkman/candidates/java/17.0.0-tem/lib/src.zip!/jdk.localedata" type="simple" />
            <root url="jar://$USER_HOME$/.sdkman/candidates/java/17.0.0-tem/lib/src.zip!/jdk.management" type="simple" />
            <root url="jar://$USER_HOME$/.sdkman/candidates/java/17.0.0-tem/lib/src.zip!/jdk.naming.dns" type="simple" />
            <root url="jar://$USER_HOME$/.sdkman/candidates/java/17.0.0-tem/lib/src.zip!/jdk.naming.rmi" type="simple" />
            <root url="jar://$USER_HOME$/.sdkman/candidates/java/17.0.0-tem/lib/src.zip!/java.instrument" type="simple" />
            <root url="jar://$USER_HOME$/.sdkman/candidates/java/17.0.0-tem/lib/src.zip!/java.management" type="simple" />
            <root url="jar://$USER_HOME$/.sdkman/candidates/java/17.0.0-tem/lib/src.zip!/java.sql.rowset" type="simple" />
            <root url="jar://$USER_HOME$/.sdkman/candidates/java/17.0.0-tem/lib/src.zip!/java.xml.crypto" type="simple" />
            <root url="jar://$USER_HOME$/.sdkman/candidates/java/17.0.0-tem/lib/src.zip!/jdk.internal.ed" type="simple" />
            <root url="jar://$USER_HOME$/.sdkman/candidates/java/17.0.0-tem/lib/src.zip!/jdk.internal.le" type="simple" />
            <root url="jar://$USER_HOME$/.sdkman/candidates/java/17.0.0-tem/lib/src.zip!/jdk.nio.mapmode" type="simple" />
            <root url="jar://$USER_HOME$/.sdkman/candidates/java/17.0.0-tem/lib/src.zip!/jdk.unsupported" type="simple" />
            <root url="jar://$USER_HOME$/.sdkman/candidates/java/17.0.0-tem/lib/src.zip!/java.smartcardio" type="simple" />
            <root url="jar://$USER_HOME$/.sdkman/candidates/java/17.0.0-tem/lib/src.zip!/jdk.internal.opt" type="simple" />
            <root url="jar://$USER_HOME$/.sdkman/candidates/java/17.0.0-tem/lib/src.zip!/java.datatransfer" type="simple" />
            <root url="jar://$USER_HOME$/.sdkman/candidates/java/17.0.0-tem/lib/src.zip!/jdk.accessibility" type="simple" />
            <root url="jar://$USER_HOME$/.sdkman/candidates/java/17.0.0-tem/lib/src.zip!/jdk.hotspot.agent" type="simple" />
            <root url="jar://$USER_HOME$/.sdkman/candidates/java/17.0.0-tem/lib/src.zip!/jdk.security.auth" type="simple" />
            <root url="jar://$USER_HOME$/.sdkman/candidates/java/17.0.0-tem/lib/src.zip!/jdk.security.jgss" type="simple" />
            <root url="jar://$USER_HOME$/.sdkman/candidates/java/17.0.0-tem/lib/src.zip!/java.security.jgss" type="simple" />
            <root url="jar://$USER_HOME$/.sdkman/candidates/java/17.0.0-tem/lib/src.zip!/java.security.sasl" type="simple" />
            <root url="jar://$USER_HOME$/.sdkman/candidates/java/17.0.0-tem/lib/src.zip!/jdk.internal.vm.ci" type="simple" />
            <root url="jar://$USER_HOME$/.sdkman/candidates/java/17.0.0-tem/lib/src.zip!/jdk.management.jfr" type="simple" />
            <root url="jar://$USER_HOME$/.sdkman/candidates/java/17.0.0-tem/lib/src.zip!/java.management.rmi" type="simple" />
            <root url="jar://$USER_HOME$/.sdkman/candidates/java/17.0.0-tem/lib/src.zip!/java.transaction.xa" type="simple" />
            <root url="jar://$USER_HOME$/.sdkman/candidates/java/17.0.0-tem/lib/src.zip!/jdk.crypto.cryptoki" type="simple" />
            <root url="jar://$USER_HOME$/.sdkman/candidates/java/17.0.0-tem/lib/src.zip!/jdk.incubator.vector" type="simple" />
            <root url="jar://$USER_HOME$/.sdkman/candidates/java/17.0.0-tem/lib/src.zip!/jdk.internal.jvmstat" type="simple" />
            <root url="jar://$USER_HOME$/.sdkman/candidates/java/17.0.0-tem/lib/src.zip!/jdk.management.agent" type="simple" />
            <root url="jar://$USER_HOME$/.sdkman/candidates/java/17.0.0-tem/lib/src.zip!/jdk.incubator.foreign" type="simple" />
            <root url="jar://$USER_HOME$/.sdkman/candidates/java/17.0.0-tem/lib/src.zip!/jdk.unsupported.desktop" type="simple" />
            <root url="jar://$USER_HOME$/.sdkman/candidates/java/17.0.0-tem/lib/src.zip!/jdk.internal.vm.compiler" type="simple" />
            <root url="jar://$USER_HOME$/.sdkman/candidates/java/17.0.0-tem/lib/src.zip!/jdk.internal.vm.compiler.management" type="simple" />
          </root>
        </sourcePath>
      </roots>
      <additional />
    </jdk>
    <jdk version="2">
      <name value="temurin-1.8" />
      <type value="JavaSDK" />
      <version value="Eclipse Temurin version 1.8.0_382" />
      <homePath value="$USER_HOME$/.sdkman/candidates/java/8.0.382-tem" />
      <roots>
        <annotationsPath>
          <root type="composite">
            <root url="jar://$APPLICATION_HOME_DIR$/plugins/java/lib/resources/jdkAnnotations.jar!/" type="simple" />
          </root>
        </annotationsPath>
        <classPath>
          <root type="composite">
            <root url="jar://$USER_HOME$/.sdkman/candidates/java/8.0.382-tem/jre/lib/charsets.jar!/" type="simple" />
            <root url="jar://$USER_HOME$/.sdkman/candidates/java/8.0.382-tem/jre/lib/ext/cldrdata.jar!/" type="simple" />
            <root url="jar://$USER_HOME$/.sdkman/candidates/java/8.0.382-tem/jre/lib/ext/dnsns.jar!/" type="simple" />
            <root url="jar://$USER_HOME$/.sdkman/candidates/java/8.0.382-tem/jre/lib/ext/jaccess.jar!/" type="simple" />
            <root url="jar://$USER_HOME$/.sdkman/candidates/java/8.0.382-tem/jre/lib/ext/localedata.jar!/" type="simple" />
            <root url="jar://$USER_HOME$/.sdkman/candidates/java/8.0.382-tem/jre/lib/ext/nashorn.jar!/" type="simple" />
            <root url="jar://$USER_HOME$/.sdkman/candidates/java/8.0.382-tem/jre/lib/ext/sunec.jar!/" type="simple" />
            <root url="jar://$USER_HOME$/.sdkman/candidates/java/8.0.382-tem/jre/lib/ext/sunjce_provider.jar!/" type="simple" />
            <root url="jar://$USER_HOME$/.sdkman/candidates/java/8.0.382-tem/jre/lib/ext/sunpkcs11.jar!/" type="simple" />
            <root url="jar://$USER_HOME$/.sdkman/candidates/java/8.0.382-tem/jre/lib/ext/zipfs.jar!/" type="simple" />
            <root url="jar://$USER_HOME$/.sdkman/candidates/java/8.0.382-tem/jre/lib/jce.jar!/" type="simple" />
            <root url="jar://$USER_HOME$/.sdkman/candidates/java/8.0.382-tem/jre/lib/jfr.jar!/" type="simple" />
            <root url="jar://$USER_HOME$/.sdkman/candidates/java/8.0.382-tem/jre/lib/jsse.jar!/" type="simple" />
            <root url="jar://$USER_HOME$/.sdkman/candidates/java/8.0.382-tem/jre/lib/management-agent.jar!/" type="simple" />
            <root url="jar://$USER_HOME$/.sdkman/candidates/java/8.0.382-tem/jre/lib/resources.jar!/" type="simple" />
            <root url="jar://$USER_HOME$/.sdkman/candidates/java/8.0.382-tem/jre/lib/rt.jar!/" type="simple" />
          </root>
        </classPath>
        <javadocPath>
          <root type="composite" />
        </javadocPath>
        <sourcePath>
          <root type="composite">
            <root url="jar://$USER_HOME$/.sdkman/candidates/java/8.0.382-tem/src.zip!/" type="simple" />
          </root>
        </sourcePath>
      </roots>
      <additional />
    </jdk>
    <jdk version="2">
      <name value="temurin-21" />
      <type value="JavaSDK" />
      <version value="Eclipse Temurin version 21" />
      <homePath value="$USER_HOME$/.sdkman/candidates/java/21-tem" />
      <roots>
        <annotationsPath>
          <root type="composite">
            <root url="jar://$APPLICATION_HOME_DIR$/plugins/java/lib/resources/jdkAnnotations.jar!/" type="simple" />
          </root>
        </annotationsPath>
        <classPath>
          <root type="composite">
            <root url="jrt://$USER_HOME$/.sdkman/candidates/java/21-tem!/java.base" type="simple" />
            <root url="jrt://$USER_HOME$/.sdkman/candidates/java/21-tem!/java.compiler" type="simple" />
            <root url="jrt://$USER_HOME$/.sdkman/candidates/java/21-tem!/java.datatransfer" type="simple" />
            <root url="jrt://$USER_HOME$/.sdkman/candidates/java/21-tem!/java.desktop" type="simple" />
            <root url="jrt://$USER_HOME$/.sdkman/candidates/java/21-tem!/java.instrument" type="simple" />
            <root url="jrt://$USER_HOME$/.sdkman/candidates/java/21-tem!/java.logging" type="simple" />
            <root url="jrt://$USER_HOME$/.sdkman/candidates/java/21-tem!/java.management" type="simple" />
            <root url="jrt://$USER_HOME$/.sdkman/candidates/java/21-tem!/java.management.rmi" type="simple" />
            <root url="jrt://$USER_HOME$/.sdkman/candidates/java/21-tem!/java.naming" type="simple" />
            <root url="jrt://$USER_HOME$/.sdkman/candidates/java/21-tem!/java.net.http" type="simple" />
            <root url="jrt://$USER_HOME$/.sdkman/candidates/java/21-tem!/java.prefs" type="simple" />
            <root url="jrt://$USER_HOME$/.sdkman/candidates/java/21-tem!/java.rmi" type="simple" />
            <root url="jrt://$USER_HOME$/.sdkman/candidates/java/21-tem!/java.scripting" type="simple" />
            <root url="jrt://$USER_HOME$/.sdkman/candidates/java/21-tem!/java.se" type="simple" />
            <root url="jrt://$USER_HOME$/.sdkman/candidates/java/21-tem!/java.security.jgss" type="simple" />
            <root url="jrt://$USER_HOME$/.sdkman/candidates/java/21-tem!/java.security.sasl" type="simple" />
            <root url="jrt://$USER_HOME$/.sdkman/candidates/java/21-tem!/java.smartcardio" type="simple" />
            <root url="jrt://$USER_HOME$/.sdkman/candidates/java/21-tem!/java.sql" type="simple" />
            <root url="jrt://$USER_HOME$/.sdkman/candidates/java/21-tem!/java.sql.rowset" type="simple" />
            <root url="jrt://$USER_HOME$/.sdkman/candidates/java/21-tem!/java.transaction.xa" type="simple" />
            <root url="jrt://$USER_HOME$/.sdkman/candidates/java/21-tem!/java.xml" type="simple" />
            <root url="jrt://$USER_HOME$/.sdkman/candidates/java/21-tem!/java.xml.crypto" type="simple" />
            <root url="jrt://$USER_HOME$/.sdkman/candidates/java/21-tem!/jdk.accessibility" type="simple" />
            <root url="jrt://$USER_HOME$/.sdkman/candidates/java/21-tem!/jdk.attach" type="simple" />
            <root url="jrt://$USER_HOME$/.sdkman/candidates/java/21-tem!/jdk.charsets" type="simple" />
            <root url="jrt://$USER_HOME$/.sdkman/candidates/java/21-tem!/jdk.compiler" type="simple" />
            <root url="jrt://$USER_HOME$/.sdkman/candidates/java/21-tem!/jdk.crypto.cryptoki" type="simple" />
            <root url="jrt://$USER_HOME$/.sdkman/candidates/java/21-tem!/jdk.crypto.ec" type="simple" />
            <root url="jrt://$USER_HOME$/.sdkman/candidates/java/21-tem!/jdk.dynalink" type="simple" />
            <root url="jrt://$USER_HOME$/.sdkman/candidates/java/21-tem!/jdk.editpad" type="simple" />
            <root url="jrt://$USER_HOME$/.sdkman/candidates/java/21-tem!/jdk.hotspot.agent" type="simple" />
            <root url="jrt://$USER_HOME$/.sdkman/candidates/java/21-tem!/jdk.httpserver" type="simple" />
            <root url="jrt://$USER_HOME$/.sdkman/candidates/java/21-tem!/jdk.incubator.vector" type="simple" />
            <root url="jrt://$USER_HOME$/.sdkman/candidates/java/21-tem!/jdk.internal.ed" type="simple" />
            <root url="jrt://$USER_HOME$/.sdkman/candidates/java/21-tem!/jdk.internal.jvmstat" type="simple" />
            <root url="jrt://$USER_HOME$/.sdkman/candidates/java/21-tem!/jdk.internal.le" type="simple" />
            <root url="jrt://$USER_HOME$/.sdkman/candidates/java/21-tem!/jdk.internal.opt" type="simple" />
            <root url="jrt://$USER_HOME$/.sdkman/candidates/java/21-tem!/jdk.internal.vm.ci" type="simple" />
            <root url="jrt://$USER_HOME$/.sdkman/candidates/java/21-tem!/jdk.internal.vm.compiler" type="simple" />
            <root url="jrt://$USER_HOME$/.sdkman/candidates/java/21-tem!/jdk.internal.vm.compiler.management" type="simple" />
            <root url="jrt://$USER_HOME$/.sdkman/candidates/java/21-tem!/jdk.jartool" type="simple" />
            <root url="jrt://$USER_HOME$/.sdkman/candidates/java/21-tem!/jdk.javadoc" type="simple" />
            <root url="jrt://$USER_HOME$/.sdkman/candidates/java/21-tem!/jdk.jcmd" type="simple" />
            <root url="jrt://$USER_HOME$/.sdkman/candidates/java/21-tem!/jdk.jconsole" type="simple" />
            <root url="jrt://$USER_HOME$/.sdkman/candidates/java/21-tem!/jdk.jdeps" type="simple" />
            <root url="jrt://$USER_HOME$/.sdkman/candidates/java/21-tem!/jdk.jdi" type="simple" />
            <root url="jrt://$USER_HOME$/.sdkman/candidates/java/21-tem!/jdk.jdwp.agent" type="simple" />
            <root url="jrt://$USER_HOME$/.sdkman/candidates/java/21-tem!/jdk.jfr" type="simple" />
            <root url="jrt://$USER_HOME$/.sdkman/candidates/java/21-tem!/jdk.jlink" type="simple" />
            <root url="jrt://$USER_HOME$/.sdkman/candidates/java/21-tem!/jdk.jpackage" type="simple" />
            <root url="jrt://$USER_HOME$/.sdkman/candidates/java/21-tem!/jdk.jshell" type="simple" />
            <root url="jrt://$USER_HOME$/.sdkman/candidates/java/21-tem!/jdk.jsobject" type="simple" />
            <root url="jrt://$USER_HOME$/.sdkman/candidates/java/21-tem!/jdk.jstatd" type="simple" />
            <root url="jrt://$USER_HOME$/.sdkman/candidates/java/21-tem!/jdk.localedata" type="simple" />
            <root url="jrt://$USER_HOME$/.sdkman/candidates/java/21-tem!/jdk.management" type="simple" />
            <root url="jrt://$USER_HOME$/.sdkman/candidates/java/21-tem!/jdk.management.agent" type="simple" />
            <root url="jrt://$USER_HOME$/.sdkman/candidates/java/21-tem!/jdk.management.jfr" type="simple" />
            <root url="jrt://$USER_HOME$/.sdkman/candidates/java/21-tem!/jdk.naming.dns" type="simple" />
            <root url="jrt://$USER_HOME$/.sdkman/candidates/java/21-tem!/jdk.naming.rmi" type="simple" />
            <root url="jrt://$USER_HOME$/.sdkman/candidates/java/21-tem!/jdk.net" type="simple" />
            <root url="jrt://$USER_HOME$/.sdkman/candidates/java/21-tem!/jdk.nio.mapmode" type="simple" />
            <root url="jrt://$USER_HOME$/.sdkman/candidates/java/21-tem!/jdk.random" type="simple" />
            <root url="jrt://$USER_HOME$/.sdkman/candidates/java/21-tem!/jdk.sctp" type="simple" />
            <root url="jrt://$USER_HOME$/.sdkman/candidates/java/21-tem!/jdk.security.auth" type="simple" />
            <root url="jrt://$USER_HOME$/.sdkman/candidates/java/21-tem!/jdk.security.jgss" type="simple" />
            <root url="jrt://$USER_HOME$/.sdkman/candidates/java/21-tem!/jdk.unsupported" type="simple" />
            <root url="jrt://$USER_HOME$/.sdkman/candidates/java/21-tem!/jdk.unsupported.desktop" type="simple" />
            <root url="jrt://$USER_HOME$/.sdkman/candidates/java/21-tem!/jdk.xml.dom" type="simple" />
            <root url="jrt://$USER_HOME$/.sdkman/candidates/java/21-tem!/jdk.zipfs" type="simple" />
          </root>
        </classPath>
        <javadocPath>
          <root type="composite" />
        </javadocPath>
        <sourcePath>
          <root type="composite">
            <root url="jar://$USER_HOME$/.sdkman/candidates/java/21-tem/lib/src.zip!/java.se" type="simple" />
            <root url="jar://$USER_HOME$/.sdkman/candidates/java/21-tem/lib/src.zip!/jdk.jdi" type="simple" />
            <root url="jar://$USER_HOME$/.sdkman/candidates/java/21-tem/lib/src.zip!/jdk.jfr" type="simple" />
            <root url="jar://$USER_HOME$/.sdkman/candidates/java/21-tem/lib/src.zip!/jdk.net" type="simple" />
            <root url="jar://$USER_HOME$/.sdkman/candidates/java/21-tem/lib/src.zip!/java.rmi" type="simple" />
            <root url="jar://$USER_HOME$/.sdkman/candidates/java/21-tem/lib/src.zip!/java.sql" type="simple" />
            <root url="jar://$USER_HOME$/.sdkman/candidates/java/21-tem/lib/src.zip!/java.xml" type="simple" />
            <root url="jar://$USER_HOME$/.sdkman/candidates/java/21-tem/lib/src.zip!/jdk.jcmd" type="simple" />
            <root url="jar://$USER_HOME$/.sdkman/candidates/java/21-tem/lib/src.zip!/jdk.sctp" type="simple" />
            <root url="jar://$USER_HOME$/.sdkman/candidates/java/21-tem/lib/src.zip!/java.base" type="simple" />
            <root url="jar://$USER_HOME$/.sdkman/candidates/java/21-tem/lib/src.zip!/jdk.jdeps" type="simple" />
            <root url="jar://$USER_HOME$/.sdkman/candidates/java/21-tem/lib/src.zip!/jdk.jlink" type="simple" />
            <root url="jar://$USER_HOME$/.sdkman/candidates/java/21-tem/lib/src.zip!/jdk.zipfs" type="simple" />
            <root url="jar://$USER_HOME$/.sdkman/candidates/java/21-tem/lib/src.zip!/java.prefs" type="simple" />
            <root url="jar://$USER_HOME$/.sdkman/candidates/java/21-tem/lib/src.zip!/jdk.attach" type="simple" />
            <root url="jar://$USER_HOME$/.sdkman/candidates/java/21-tem/lib/src.zip!/jdk.jshell" type="simple" />
            <root url="jar://$USER_HOME$/.sdkman/candidates/java/21-tem/lib/src.zip!/jdk.jstatd" type="simple" />
            <root url="jar://$USER_HOME$/.sdkman/candidates/java/21-tem/lib/src.zip!/jdk.random" type="simple" />
            <root url="jar://$USER_HOME$/.sdkman/candidates/java/21-tem/lib/src.zip!/java.naming" type="simple" />
            <root url="jar://$USER_HOME$/.sdkman/candidates/java/21-tem/lib/src.zip!/jdk.editpad" type="simple" />
            <root url="jar://$USER_HOME$/.sdkman/candidates/java/21-tem/lib/src.zip!/jdk.jartool" type="simple" />
            <root url="jar://$USER_HOME$/.sdkman/candidates/java/21-tem/lib/src.zip!/jdk.javadoc" type="simple" />
            <root url="jar://$USER_HOME$/.sdkman/candidates/java/21-tem/lib/src.zip!/jdk.xml.dom" type="simple" />
            <root url="jar://$USER_HOME$/.sdkman/candidates/java/21-tem/lib/src.zip!/java.desktop" type="simple" />
            <root url="jar://$USER_HOME$/.sdkman/candidates/java/21-tem/lib/src.zip!/java.logging" type="simple" />
            <root url="jar://$USER_HOME$/.sdkman/candidates/java/21-tem/lib/src.zip!/jdk.charsets" type="simple" />
            <root url="jar://$USER_HOME$/.sdkman/candidates/java/21-tem/lib/src.zip!/jdk.compiler" type="simple" />
            <root url="jar://$USER_HOME$/.sdkman/candidates/java/21-tem/lib/src.zip!/jdk.dynalink" type="simple" />
            <root url="jar://$USER_HOME$/.sdkman/candidates/java/21-tem/lib/src.zip!/jdk.jconsole" type="simple" />
            <root url="jar://$USER_HOME$/.sdkman/candidates/java/21-tem/lib/src.zip!/jdk.jpackage" type="simple" />
            <root url="jar://$USER_HOME$/.sdkman/candidates/java/21-tem/lib/src.zip!/jdk.jsobject" type="simple" />
            <root url="jar://$USER_HOME$/.sdkman/candidates/java/21-tem/lib/src.zip!/java.compiler" type="simple" />
            <root url="jar://$USER_HOME$/.sdkman/candidates/java/21-tem/lib/src.zip!/java.net.http" type="simple" />
            <root url="jar://$USER_HOME$/.sdkman/candidates/java/21-tem/lib/src.zip!/jdk.crypto.ec" type="simple" />
            <root url="jar://$USER_HOME$/.sdkman/candidates/java/21-tem/lib/src.zip!/java.scripting" type="simple" />
            <root url="jar://$USER_HOME$/.sdkman/candidates/java/21-tem/lib/src.zip!/jdk.httpserver" type="simple" />
            <root url="jar://$USER_HOME$/.sdkman/candidates/java/21-tem/lib/src.zip!/jdk.jdwp.agent" type="simple" />
            <root url="jar://$USER_HOME$/.sdkman/candidates/java/21-tem/lib/src.zip!/jdk.localedata" type="simple" />
            <root url="jar://$USER_HOME$/.sdkman/candidates/java/21-tem/lib/src.zip!/jdk.management" type="simple" />
            <root url="jar://$USER_HOME$/.sdkman/candidates/java/21-tem/lib/src.zip!/jdk.naming.dns" type="simple" />
            <root url="jar://$USER_HOME$/.sdkman/candidates/java/21-tem/lib/src.zip!/jdk.naming.rmi" type="simple" />
            <root url="jar://$USER_HOME$/.sdkman/candidates/java/21-tem/lib/src.zip!/java.instrument" type="simple" />
            <root url="jar://$USER_HOME$/.sdkman/candidates/java/21-tem/lib/src.zip!/java.management" type="simple" />
            <root url="jar://$USER_HOME$/.sdkman/candidates/java/21-tem/lib/src.zip!/java.sql.rowset" type="simple" />
            <root url="jar://$USER_HOME$/.sdkman/candidates/java/21-tem/lib/src.zip!/java.xml.crypto" type="simple" />
            <root url="jar://$USER_HOME$/.sdkman/candidates/java/21-tem/lib/src.zip!/jdk.internal.ed" type="simple" />
            <root url="jar://$USER_HOME$/.sdkman/candidates/java/21-tem/lib/src.zip!/jdk.internal.le" type="simple" />
            <root url="jar://$USER_HOME$/.sdkman/candidates/java/21-tem/lib/src.zip!/jdk.nio.mapmode" type="simple" />
            <root url="jar://$USER_HOME$/.sdkman/candidates/java/21-tem/lib/src.zip!/jdk.unsupported" type="simple" />
            <root url="jar://$USER_HOME$/.sdkman/candidates/java/21-tem/lib/src.zip!/java.smartcardio" type="simple" />
            <root url="jar://$USER_HOME$/.sdkman/candidates/java/21-tem/lib/src.zip!/jdk.internal.opt" type="simple" />
            <root url="jar://$USER_HOME$/.sdkman/candidates/java/21-tem/lib/src.zip!/java.datatransfer" type="simple" />
            <root url="jar://$USER_HOME$/.sdkman/candidates/java/21-tem/lib/src.zip!/jdk.accessibility" type="simple" />
            <root url="jar://$USER_HOME$/.sdkman/candidates/java/21-tem/lib/src.zip!/jdk.hotspot.agent" type="simple" />
            <root url="jar://$USER_HOME$/.sdkman/candidates/java/21-tem/lib/src.zip!/jdk.security.auth" type="simple" />
            <root url="jar://$USER_HOME$/.sdkman/candidates/java/21-tem/lib/src.zip!/jdk.security.jgss" type="simple" />
            <root url="jar://$USER_HOME$/.sdkman/candidates/java/21-tem/lib/src.zip!/java.security.jgss" type="simple" />
            <root url="jar://$USER_HOME$/.sdkman/candidates/java/21-tem/lib/src.zip!/java.security.sasl" type="simple" />
            <root url="jar://$USER_HOME$/.sdkman/candidates/java/21-tem/lib/src.zip!/jdk.internal.vm.ci" type="simple" />
            <root url="jar://$USER_HOME$/.sdkman/candidates/java/21-tem/lib/src.zip!/jdk.management.jfr" type="simple" />
            <root url="jar://$USER_HOME$/.sdkman/candidates/java/21-tem/lib/src.zip!/java.management.rmi" type="simple" />
            <root url="jar://$USER_HOME$/.sdkman/candidates/java/21-tem/lib/src.zip!/java.transaction.xa" type="simple" />
            <root url="jar://$USER_HOME$/.sdkman/candidates/java/21-tem/lib/src.zip!/jdk.crypto.cryptoki" type="simple" />
            <root url="jar://$USER_HOME$/.sdkman/candidates/java/21-tem/lib/src.zip!/jdk.incubator.vector" type="simple" />
            <root url="jar://$USER_HOME$/.sdkman/candidates/java/21-tem/lib/src.zip!/jdk.internal.jvmstat" type="simple" />
            <root url="jar://$USER_HOME$/.sdkman/candidates/java/21-tem/lib/src.zip!/jdk.management.agent" type="simple" />
            <root url="jar://$USER_HOME$/.sdkman/candidates/java/21-tem/lib/src.zip!/jdk.unsupported.desktop" type="simple" />
            <root url="jar://$USER_HOME$/.sdkman/candidates/java/21-tem/lib/src.zip!/jdk.internal.vm.compiler" type="simple" />
            <root url="jar://$USER_HOME$/.sdkman/candidates/java/21-tem/lib/src.zip!/jdk.internal.vm.compiler.management" type="simple" />
          </root>
        </sourcePath>
      </roots>
      <additional />
    </jdk>
  </component>
</application>