<keymap version="1" name="IntelliJ IDEA Classic copy" parent="Mac OS X">
  <action id="EditorLookupDown" />
  <action id="EditorScrollDown" />
  <action id="EditorScrollUp" />
  <action id="FindInPath">
    <keyboard-shortcut first-keystroke="shift ctrl f" />
    <keyboard-shortcut first-keystroke="shift meta f" />
  </action>
  <action id="JupyterSelectCellBelowAction" />
  <action id="MethodOverloadSwitchDown" />
  <action id="MethodOverloadSwitchUp" />
  <action id="SearchEverywhere.NavigateToNextGroup">
    <keyboard-shortcut first-keystroke="page_down" />
  </action>
  <action id="SearchEverywhere.NavigateToPrevGroup">
    <keyboard-shortcut first-keystroke="page_up" />
  </action>
</keymap>