<keymap version="1" name="mj-universal-intelij-keymap" parent="Default for XWin">
  <action id="EditorDelete">
    <keyboard-shortcut first-keystroke="back_space" />
  </action>
  <action id="EditorToggleColumnMode">
    <keyboard-shortcut first-keystroke="shift alt equals" />
  </action>
  <action id="Generate">
    <keyboard-shortcut first-keystroke="alt equals" />
  </action>
  <action id="NewElementInMenuGroup">
    <keyboard-shortcut first-keystroke="alt equals" />
  </action>
  <action id="ShowUsages">
    <keyboard-shortcut first-keystroke="ctrl alt 7" />
    <keyboard-shortcut first-keystroke="ctrl alt f7" />
  </action>
</keymap>