<application>
  <component name="MavenWrapperMapping">
    <option name="mapping">
      <map>
        <entry key="https://repo.maven.apache.org/maven2/org/apache/maven/apache-maven/3.9.2/apache-maven-3.9.2-bin.zip" value="$USER_HOME$/.m2/wrapper/dists/apache-maven-3.9.2-bin/5aq6rqcntpmkk4aam7p0t6i219/apache-maven-3.9.2" />
        <entry key="https://repo.maven.apache.org/maven2/org/apache/maven/apache-maven/3.9.5/apache-maven-3.9.5-bin.zip" value="$USER_HOME$/.m2/wrapper/dists/apache-maven-3.9.5-bin/2adeog8mj13csp1uusqnc1f2mo/apache-maven-3.9.5" />
      </map>
    </option>
  </component>
</application>